Game,Series,Genre(s),Developer(s),Publisher(s),Copies_sold,Release_date,Metacritic_url,Critic_score,User_score,Number_of_critic_reviews,Number_of_user_reviews,Description,Price,Image
PUBG: Battlegrounds,PUBG Universe,Battle royale,PUBG Studios,Krafton,42.0 million,12/20/2017,https://www.metacritic.com/game/pubg-battlegrounds,N/A,N/A,N/A,N/A,N/A,N/A,https://upload.wikimedia.org/wikipedia/en/thumb/9/9f/Pubgbattlegrounds.png/220px-Pubgbattlegrounds.png
Minecraft,Minecraft,"Sandbox, survival",Mojang Studios,Mojang Studios,33.0 million,N/A,https://www.metacritic.com/game/minecraft,82.0,7.9,63.0,1048.0,Minecraft: Xbox One Edition is a game about placing blocks to build anything you can imagine and was revealed at E3 that it will be coming to the Xbox One.,23.6921,https://upload.wikimedia.org/wikipedia/en/5/51/Minecraft_cover.png
Terraria,—,Action-adventure,Re-Logic,Re-Logic,23.0 million,05/16/2011,https://www.metacritic.com/game/terraria,81.0,8.0,39.0,293.0,"Terraria offers players a chance to be an action gamer, master builder, a collector, and even an explorer.",23.6921,https://upload.wikimedia.org/wikipedia/en/thumb/1/1a/Terraria_Steam_artwork.jpg/220px-Terraria_Steam_artwork.jpg
Diablo III,Diablo,Action role-playing,Blizzard Entertainment,Blizzard Entertainment,20.0 million,05/15/2012,https://www.metacritic.com/game/diablo-iii,88.0,4.2,86.0,10282.0,"Diablo III picks up the story twenty years after the events of Diablo II. Mephisto, Diablo, and Baal have been defeated, but the Worldstone, which once shielded the inhabitants of the world of Sanctuary from the forces of both the High Heavens and the Burning Hells, has been destroyed, and evil once again stirs in Tristram. Playing as a ... ",N/A,https://upload.wikimedia.org/wikipedia/en/thumb/8/80/Diablo_III_cover.png/220px-Diablo_III_cover.png
Garry's Mod,—,Sandbox,Facepunch Studios,Valve,20.0 million,11/29/2006,https://www.metacritic.com/game/garrys-mod,N/A,8.9,N/A,1018.0,"Garry's Mod is a physics sandbox. Unlike regular games there aren't any predefined aims or goals. We give you the tools and leave you to play.

You spawn objects and weld them together to create your own contraptions - whether that's a car, a rocket, a catapult or something that doesn't have a name yet - that's up to you.

If you're ... ",N/A,https://upload.wikimedia.org/wikipedia/commons/thumb/9/97/Garry%27s_Mod_logo.svg/220px-Garry%27s_Mod_logo.svg.png
Rust,—,Survival,Facepunch Studios,Facepunch Studios,16.0 million,02/08/2018,https://www.metacritic.com/game/rust,69.0,6.5,12.0,730.0,"Rust is a survival game created by Facepunch Studios. Inspired by games like DayZ, Minecraft and Stalker – Rust aims to create a hostile environment in which emergent gameplay can flourish. The aim of the game is to survive. To do this the player should gather resources. Hitting a tree with a rock will give you wood, hitting a rock with ... ",N/A,
World of Warcraft,Warcraft,MMORPG,Blizzard Entertainment,Blizzard Entertainment,N/A,11/23/2004,https://www.metacritic.com/game/world-of-warcraft,93.0,7.5,57.0,3140.0,"Four years have passed since the aftermath of Warcraft III: Reign of Chaos, and a great tension now smolders throughout the ravaged world of Azeroth. As the battle-worn races begin to rebuild their shattered kingdoms, new threats, both ancient and ominous, arise to plague the world once again. World of Warcraft is an online role-playing ... ",N/A,https://upload.wikimedia.org/wikipedia/en/thumb/6/65/World_of_Warcraft.png/220px-World_of_Warcraft.png
Euro Truck Simulator 2,Truck Simulator,Vehicle simulation,SCS Software,SCS Software,13.0 million,10/19/2012,https://www.metacritic.com/game/euro-truck-simulator-2,79.0,8.6,18.0,1656.0,"Travel across Europe as king of the road, a trucker who delivers important cargo across impressive distances! With dozens of cities to explore from the UK, Belgium, Germany, Italy, the Netherlands, Poland, and many more, your endurance, skill and speed will all be pushed to their limits. If you've got what it takes to be part of an elite... ",14.2121,https://upload.wikimedia.org/wikipedia/en/thumb/0/0e/Euro_Truck_Simulator_2_cover.jpg/220px-Euro_Truck_Simulator_2_cover.jpg
Stardew Valley,—,"Simulation, role-playing game",ConcernedApe[d],ConcernedApe[d],13.0 million,02/26/2016,https://www.metacritic.com/game/stardew-valley,89.0,8.8,32.0,1807.0,"Stardew Valley is an RPG-style farming game. It's up to you to choose your path... Will you devote your time to raising crops and caring for animals? Will you spend time in the local village, befriending the local townspeople? Do you get a kick out of slaying dreadful monsters in the mysterious mountain caverns? Or will you try to accomp... ",27.642100000000003,https://upload.wikimedia.org/wikipedia/en/thumb/f/fd/Logo_of_Stardew_Valley.png/220px-Logo_of_Stardew_Valley.png
Half-Life 2,Half-Life,First-person shooter,Valve,Valve (digital) Sierra Entertainment (retail),N/A,11/16/2004,https://www.metacritic.com/game/half-life-2,96.0,9.1,81.0,9025.0,"[Metacritic's 2004 PC Game of the Year]  By taking the suspense, challenge and visceral charge of the original, and adding startling new realism and responsiveness, Half-Life 2 opens the door to a world where the player's presence affects everything around him, from the physical environment to the behaviors -- even the emotions -- of bot... ",N/A,https://upload.wikimedia.org/wikipedia/en/thumb/2/25/Half-Life_2_cover.jpg/220px-Half-Life_2_cover.jpg
The Witcher 3: Wild Hunt,The Witcher,Action role-playing,CD Projekt Red,CD Projekt,12.0 million,05/19/2015,https://www.metacritic.com/game/the-witcher-3-wild-hunt,92.0,9.2,80.0,19438.0,"With the Empire attacking the Kingdoms of the North and the Wild Hunt, a cavalcade of ghastly riders,  breathing down your neck, the only way to survive is to fight back. As Geralt of Rivia, a master swordsman and monster hunter, leave none of your enemies standing. Explore a gigantic open world, slay beasts and decide the fates of whole... ",30.1385,https://upload.wikimedia.org/wikipedia/en/thumb/0/0c/Witcher_3_cover_art.jpg/220px-Witcher_3_cover_art.jpg
The Sims,The Sims,Life simulation,Maxis,Electronic Arts,11.0 million,02/04/2000,https://www.metacritic.com/game/the-sims,92.0,8.0,38.0,798.0,"In ""SimCity,"" you had the power to build and control cities ... with The Sims, you'll create and control people!",N/A,
StarCraft,StarCraft,Real-time strategy,Blizzard Entertainment,Blizzard Entertainment,N/A,03/31/1998,https://www.metacritic.com/game/starcraft,88.0,9.0,15.0,1169.0,"In the distant future a small group of human exiles have been doomed to fight for survival on the edge of the galaxy. Through military strength, espionage and deceit, a unified Terran government has maintained an uneasy peace. As resources run short, however, these Confederate nations find themselves looking towards the rich worlds of th... ",N/A,
RollerCoaster Tycoon 3,RollerCoaster Tycoon,Construction and management simulation,Frontier Developments,"Atari, Inc. (Windows) Aspyr Media (macOS)",10.0 million,10/26/2004,https://www.metacritic.com/game/rollercoaster-tycoon-3,81.0,5.1,39.0,357.0,"RollerCoaster Tycoon 3 takes the series to new heights with brand new features including 3-D graphics, giving players complete control of views around the park, and a front seat to the action with a new Coaster Cam feature that allows players to ride the roller coasters. RollerCoaster Tycoon 3 also features new gameplay elements that fan... ",N/A,https://upload.wikimedia.org/wikipedia/en/thumb/d/d8/RCT3-cover_art.jpg/220px-RCT3-cover_art.jpg
Fall Guys,—,Battle royale,Mediatonic,Devolver Digital,10.0 million,08/04/2020,https://www.metacritic.com/game/fall-guys,81.0,6.9,53.0,1227.0, Fall Guys is a massively multiplayer party game with up to 60 players online in a free-for-all struggle through round after round of escalating chaos until one victor remains.,N/A,https://upload.wikimedia.org/wikipedia/en/thumb/d/d4/Fall_Guys_Post_F2P_keyart.png/220px-Fall_Guys_Post_F2P_keyart.png
Civilization V,Civilization,"Turn-based strategy, 4X",Firaxis Games,2K Games & Aspyr,8.0 million,N/A,https://www.metacritic.com/game/civilization-v,N/A,N/A,N/A,N/A,N/A,N/A,https://upload.wikimedia.org/wikipedia/en/thumb/5/5c/CIVILIZATION-V-FRONT-OF-BOX.jpg/220px-CIVILIZATION-V-FRONT-OF-BOX.jpg
Cyberpunk 2077,—,Action role-playing,CD Projekt Red,CD Projekt,7.67 million,12/10/2020,https://www.metacritic.com/game/cyberpunk-2077,86.0,7.1,106.0,35030.0,"Cyberpunk 2077 is an open-world, action-adventure story set in Night City, a megalopolis obsessed with power, glamour and body modification. Assume the role of V, a mercenary outlaw going after a one-of-a-kind implant that is the key to immortality. You can customize your character’s cyberware, skillset and playstyle, and explore a vast ... ",15.286500000000002,https://upload.wikimedia.org/wikipedia/en/thumb/9/9f/Cyberpunk_2077_box_art.jpg/220px-Cyberpunk_2077_box_art.jpg
The Sims 3,The Sims,Life simulation,Maxis,Electronic Arts,7.0 million,06/02/2009,https://www.metacritic.com/game/the-sims-3,86.0,7.8,75.0,1145.0,"Create lifelike Sims with a unique personality and take them anywhere in the neighborhood. The powerful Create-a-Sim tool allows you to create Sims that are more realistic than ever. Select from dozens of personality traits such as brave, artistic, kleptomaniac, clumsy, paranoid and romantic. With Create-a-Sim, you can create a limitless... ",N/A,https://upload.wikimedia.org/wikipedia/en/thumb/6/6f/Sims3cover.jpg/220px-Sims3cover.jpg
The Sims 2,The Sims,Life simulation,Maxis,Electronic Arts,6.0 million,09/14/2004,https://www.metacritic.com/game/the-sims-2,90.0,8.5,61.0,899.0,"The Sims 2 is the first entirely-new generation of The Sims, the ground-breaking game that allowed players to create and control people. The Sims 2 challenges you to direct the journey of your Sims' lives as they grow from infancy through childhood, teenage life and adulthood. Starting with a personality that you give them (or that they ... ",28.1003,https://upload.wikimedia.org/wikipedia/en/thumb/b/bd/The_sims_2.jpg/220px-The_sims_2.jpg
Cities: Skylines,—,City-building,Colossal Order,Paradox Interactive,6.0 million,03/10/2015,https://www.metacritic.com/game/cities-skylines,85.0,8.7,60.0,2204.0,"Developed by Colossal Order, Cities: Skylines offers sprawling landscapes and maps with endless sandbox gameplay and new ways to expand your city. Key to progression is the ability to influence your city’s policy by incorporating taxation into districts. All this plus the ability to mod the game to suit your play style.",N/A,https://upload.wikimedia.org/wikipedia/en/thumb/5/58/Cities_Skylines_cover_art.jpg/220px-Cities_Skylines_cover_art.jpg
StarCraft II: Wings of Liberty,StarCraft,Real-time strategy,Blizzard Entertainment,Blizzard Entertainment,6.0 million,07/27/2010,https://www.metacritic.com/game/starcraft-ii-wings-of-liberty,93.0,8.2,82.0,2813.0,"StarCraft II continues the epic saga of the Protoss, Terran, and Zerg. These three distinct and powerful races clash once again in the fast-paced real-time strategy sequel to the legendary original, StarCraft. Legions of veteran, upgraded, and brand-new unit types do battle across the galaxy, as each faction struggles for survival. Featu... ",N/A,https://upload.wikimedia.org/wikipedia/en/thumb/2/20/StarCraft_II_-_Box_Art.jpg/220px-StarCraft_II_-_Box_Art.jpg
Guild Wars,Guild Wars,MMORPG,ArenaNet,NCsoft,6.0 million,04/28/2005,https://www.metacritic.com/game/guild-wars,89.0,8.2,53.0,313.0,"Guild Wars takes the best elements of today's massively multiplayer online games and combines them with a new mission-based design that eliminates the tedium of those games. You can meet new friends in towns or outposts, form a party, and then go tackle a quest together. Your party always has its own unique copy of the quest map, so camp... ",N/A,
Valheim,—,Survival,Iron Gate,Coffee Stain Publishing,6.0 million,02/02/2021,https://www.metacritic.com/game/valheim,N/A,N/A,N/A,N/A,"Welcome to Valheim! The valkyries have ferried your soul to the tenth norse world as a custodian, where you must adventure to the ends of the realm, from the deepest forest to the highest mountain peak, slaying beasts of myth and legend feared by Odin himself. You will craft powerful weapons, build unyielding castles and sail longships t... ",N/A,https://upload.wikimedia.org/wikipedia/en/thumb/7/77/Valheim_2021_logo.jpg/220px-Valheim_2021_logo.jpg
Myst,Myst,"Adventure, puzzle",Cyan,Brøderbund,6.0 million,09/24/1993,https://www.metacritic.com/game/myst,78.0,6.6,6.0,24.0,"Cyan, the indie studio that created beloved classics Myst and Riven, has reimagined Myst. Built from the ground up to play in VR and flatscreen PC, explore Myst in a whole new dimension! Journey to the Ages, unravel puzzles, and be a part of the surrealistic adventure that will become your own. ",N/A,https://upload.wikimedia.org/wikipedia/en/thumb/6/6a/MystCover.png/220px-MystCover.png
Last Ninja 2,Last Ninja,Action-adventure,System 3,Activision,5.5 million,08/29/1988,https://www.metacritic.com/game/last-ninja-2,N/A,N/A,N/A,N/A,"Once beaten, but not destroyed, the evil Shogun Kunitoki used all his mystic powers to transport himself through time and establish a new empire of tyranny in modern day Manhattan. 
In fear of Kunitoki's growing powers, the arcane gods used all their wisdom to bring you, the Last Ninja, across the abyss of time and confront your arch-ene... ",N/A,https://upload.wikimedia.org/wikipedia/en/thumb/0/0a/Lastninja2-c64_cover01.jpg/220px-Lastninja2-c64_cover01.jpg
ARMA 3,ARMA,Tactical shooter,Bohemia Interactive,Bohemia Interactive,5.5 million,09/12/2013,https://www.metacritic.com/game/arma-3,74.0,7.6,38.0,1127.0,"Tensions rise as NATO peacekeeping forces begin to leave The Republic of Altis: a strategic fault-line between crumbling European influence and a powerful, resurgent East. But when a key radar facility drops off the grid, a Mediterranean flashpoint risks escalating into global conflict.",N/A,https://upload.wikimedia.org/wikipedia/commons/thumb/f/fa/ArmA_3_Logo_%28Black%29.png/220px-ArmA_3_Logo_%28Black%29.png
The Forest,—,Survival,Endnight Games,Endnight Games,5.3 million,04/30/2018,https://www.metacritic.com/game/the-forest,N/A,8.0,N/A,5.0,"As the lone survivor of a passenger jet crash, you find yourself in a mysterious forest battling to stay alive against a society of cannibalistic mutants. Build, explore, survive in this terrifying first person survival horror simulator.
",N/A,
SimCity 3000,SimCity,City-building,Maxis,Electronic Arts,5.0 million,01/31/1999,https://www.metacritic.com/game/simcity-3000,N/A,7.8,N/A,42.0,"SimCity 3000 is a stable, attractive, finely balanced game with just enough new features to satisfy veterans of the series.",N/A,https://upload.wikimedia.org/wikipedia/en/thumb/a/a6/SimCity_3000_Coverart.png/220px-SimCity_3000_Coverart.png
Guild Wars 2,Guild Wars,MMORPG,ArenaNet,NCsoft,5.0 million,08/28/2012,https://www.metacritic.com/game/guild-wars-2,90.0,8.0,69.0,3214.0,"Guild Wars 2 draws from the game mechanics that made the original Guild Wars one of the most popular online games and adds a fully persistent world. Like its predecessors, Guild Wars 2 does not have a subscription fee. Guild Wars Eye of the North provide a Hall of Monuments where players' accomplishments are memorialized and eventually i... ",N/A,https://upload.wikimedia.org/wikipedia/en/thumb/9/96/Gw2-boxfront.png/220px-Gw2-boxfront.png
The Last Ninja,Last Ninja,Action-adventure,System 3,Activision,4.0 million,N/A,https://www.metacritic.com/game/the-last-ninja,N/A,N/A,N/A,N/A,"Brotherhood. Survival. Revenge.
The evil Shogun Kunitoki and his henchmen have slaughtered the entire Brotherhood of the White Ninja.
You alone survive.
The Shogun has taken possession of the Ninja Palace of Lin Fen and the sacred scrolls containing the ancient secrets of the Ninja.
Only you--the Last Ninja--can avenge the Brotherhood an... ",N/A,https://upload.wikimedia.org/wikipedia/en/thumb/d/d3/LastNinja-c64_cover01.jpg/220px-LastNinja-c64_cover01.jpg
Diablo II,Diablo,Action role-playing,Blizzard North,Blizzard Entertainment,4.0 million,06/29/2000,https://www.metacritic.com/game/diablo-ii,88.0,8.8,34.0,1749.0,"In Diablo II, return to a world of dark fantasy. As one of five distinct character types, explore the world of Diablo II -- journey across distant lands, fight new villains, discover new treasures, and uncover ancient mysteries, all in the quest to stop the Lord Of Terror, once and for all.  [Blizzard Entertainment]",N/A,https://upload.wikimedia.org/wikipedia/en/thumb/d/d5/Diablo_II_Coverart.png/220px-Diablo_II_Coverart.png
DayZ,—,Survival,Bohemia Interactive,Bohemia Interactive,4.0 million,12/16/2013,https://www.metacritic.com/game/dayz,31.0,3.2,6.0,217.0,"The post-soviet country of Chernarus is struck by an unknown virus, turning the majority population into frenzied infected. Fighting over resources has bred a hostile mentality among survivors, driving what’s left of humanity to collapse. You are one of the few immune to the virus - how far will you go to survive?",N/A,
Deep Rock Galactic,N/A,First-person shooter,Ghost Ship Games,Coffee Stain Publishing,4.0 million,05/13/2020,https://www.metacritic.com/game/deep-rock-galactic,85.0,8.5,21.0,443.0," Deep Rock Galactic is a 1-4 player co-op FPS featuring badass space Dwarves, 100% destructible environments, procedurally-generated caves, and endless hordes of alien monsters. ",31.5921,https://upload.wikimedia.org/wikipedia/en/thumb/b/b3/Deep_rock_galactic_cover_art.jpg/220px-Deep_rock_galactic_cover_art.jpg
Where in the World Is Carmen Sandiego?,Carmen Sandiego,Educational,Broderbund,Broderbund,N/A,06/01/1985,https://www.metacritic.com/game/where-in-the-world-is-carmen-sandiego?,N/A,N/A,N/A,N/A,"Acme detective agency hot on the trail of master thief Carmen Sandiego&reg; and her henchmen.
Wanted: Detective to locate and capture Carmen and her gang. Must be hard working, independent, fun-seeking individual willing to travel the world. No experience necessary.",N/A,
Populous,Populous,God game,Bullfrog Productions,Electronic Arts,N/A,06/05/1989,https://www.metacritic.com/game/populous,N/A,N/A,N/A,N/A,"The power of light or the force of darkness? You decide! The Ice World - One of the four totally different landscapes. Use Nature's Creations - Swamps, earthquakes or volcanoes... at your fingertips. The desert is a hostile territory - can you populate it? Your skill gives you the power.",N/A,
RollerCoaster Tycoon,RollerCoaster Tycoon,Construction and management simulation,Chris Sawyer,MicroProse Software,N/A,03/31/1999,https://www.metacritic.com/game/rollercoaster-tycoon,N/A,N/A,N/A,N/A,"If you think thrill rides aren't thrilling enough, then here's your chance to make your own. RollerCoaster Tycoon lets you build your park from scratch, or you can improve and expand an existing park with new rides and attractions. You'll have an array of roller coaster designs, landscapes, shops, decorations, and theme options to choose... ",N/A,
"Warhammer 40,000: Dawn of War (including expansions)",Warhammer,Real-time strategy,Relic Entertainment,THQ,N/A,09/20/2004,https://www.metacritic.com/game/warhammer-40000-dawn-of-war-(including-expansions),N/A,N/A,N/A,N/A,N/A,N/A,
Dark Souls,Dark Souls,Action role-playing,FromSoftware,Namco Bandai Games,3.6 million,08/23/2012,https://www.metacritic.com/game/dark-souls,89.0,8.7,66.0,1750.0,"Project Dark (Working Title) is a brand new dark fantasy RPG designed to completely embrace the concepts of tension in dungeon exploration, fear in encountering enemies, the joy of new discoveries, and a high sense of achievement in progressing. The game is set in a dark fantasy world filled with decadent atmosphere, with a heavy emphasi... ",N/A,
Factorio,—,Construction and management simulation,Wube Software,Wube Software,3.5 million,N/A,https://www.metacritic.com/game/factorio,90.0,8.8,8.0,706.0,"Factorio is a game about building and creating automated factories to produce items of increasing complexity, within an infinite 2D world. Use your imagination to design your factory, combine simple elements into ingenious structures, and finally protect it from the creatures who don't really like you. ",N/A,https://upload.wikimedia.org/wikipedia/en/thumb/0/08/Factorio_cover.png/220px-Factorio_cover.png
Dark Souls III,Dark Souls,Action role-playing,FromSoftware,Bandai Namco Entertainment,3.3 million,04/12/2016,https://www.metacritic.com/game/dark-souls-iii,89.0,9.0,70.0,5633.0,"Developed by Japanese developer FromSoftware, DARK SOULS III is the latest chapter in the DARK SOULS series with its trademark sword and sorcery combat and rewarding action RPG gameplay. Players travel across a wide variety of locations in an interconnected world of unrelenting challenge and deep RPG gameplay as they search for a way to ... ",11.2654,https://upload.wikimedia.org/wikipedia/en/thumb/b/bb/Dark_souls_3_cover_art.jpg/220px-Dark_souls_3_cover_art.jpg
Mount & Blade : Bannerlord,Mount & Blade,Action role-playing Strategy,TaleWorlds Entertainment,TaleWorlds Entertainment Prime Matter (Physical),N/A,03/27/2020,https://www.metacritic.com/game/mount-&-blade -bannerlord,N/A,N/A,N/A,N/A,N/A,N/A,
Theme Park,Theme Park,Construction and management simulation,Bullfrog Productions,Electronic Arts,N/A,N/A,https://www.metacritic.com/game/theme-park,72.0,6.2,15.0,5.0,"Become a Theme Park expert with guidance from your hand-picked Advisor. Fill your park with willing workers, then encourage their efforts with speed-boosting stylus taps. Assign handymen to make your park a destination to visit and add entertainers to amuse demanding customers. Start your career in the UK, then advance to new countries a... ",N/A,
Command & Conquer,Command & Conquer,Real-time strategy,Westwood Studios,Virgin Interactive Electronic Arts (since 1998; also freeware release),N/A,08/31/1995,https://www.metacritic.com/game/command-&-conquer,N/A,N/A,N/A,N/A,N/A,N/A,
Command & Conquer: Red Alert,Command & Conquer,Real-time strategy,Westwood Studios,Virgin Interactive,3.0 million,10/31/1996,https://www.metacritic.com/game/command-&-conquer-red-alert,N/A,N/A,N/A,N/A,N/A,N/A,https://upload.wikimedia.org/wikipedia/en/thumb/7/71/Cncra-win-cover.jpg/220px-Cncra-win-cover.jpg
Age of Empires,Age of Empires,Real-time strategy,Ensemble Studios,Microsoft,3.0 million,10/15/1997,https://www.metacritic.com/game/age-of-empires,83.0,8.2,9.0,437.0,"Age of Empires is an epic real-time strategy game spanning 10,000 years, in which players are the guiding spirit in the evolution of small stone age tribes. Starting with minimal resources, players are challenged to build their tribes into great civilizations. Gamers can choose from one of several ways to win the game, including: world d... ",N/A,
EverQuest,EverQuest,MMORPG,Verant Interactive,Sony Online Entertainment,3.0 million,03/16/1999,https://www.metacritic.com/game/everquest,85.0,7.7,17.0,71.0,"Prepare to enter an enormous virtual environment-an entire world with its own diverse species, economic systems, alliances, and politics. Choose from a variety of races and classes, customize your character, and begin your quest in any number of cities of villages throughout multiple continents. Equip yourself for adventure, seek allies ... ",N/A,https://upload.wikimedia.org/wikipedia/en/thumb/d/d2/EverQuest_Coverart.png/220px-EverQuest_Coverart.png
Warcraft III: Reign of Chaos,Warcraft,Real-time strategy,Blizzard Entertainment,Blizzard Entertainment (North America) Sierra Entertainment (Europe) Capcom (Japan),3.0 million,07/03/2002,https://www.metacritic.com/game/warcraft-iii-reign-of-chaos,92.0,9.2,40.0,2451.0,"[Metacritic's 2002 PC Game of the Year] It has been nearly fifteen years since the war between the orcs and humans ended. An uneasy peace settled over the land while, for years, the drums of war were silent. Yet the kingdoms of men grew complacent in their victory - and slowly, the defeated orcish clans regrouped under the banner of a ne... ",N/A,https://upload.wikimedia.org/wikipedia/en/thumb/6/66/WarcraftIII.jpg/220px-WarcraftIII.jpg
Civilization IV,Civilization,"Turn-based strategy, 4X",Firaxis Games,2K Games & Aspyr,3.0 million,10/25/2005,https://www.metacritic.com/game/civilization-iv,94.0,8.4,50.0,936.0,"Faster-Paced Fun - Gameplay has been streamlined for a tighter, faster, and more compelling experience.Greater Accessibility and Ease of Play - An easy-to-use interface will be immediately familiar to RTS and action game players, and newcomers to the series will be able to jump in and play. Tech Tree - Flexible Tech tree allows players m... ",31.5921,https://upload.wikimedia.org/wikipedia/en/thumb/7/7e/CivIVboxshot.jpg/220px-CivIVboxshot.jpg
Crysis,Crysis,First-person shooter,Crytek,Electronic Arts,3.0 million,11/13/2007,https://www.metacritic.com/game/crysis,91.0,8.2,56.0,2335.0,"Crysis is a next-generation PC first-person shooter from Crytek, the award-winning developers of ""Far Cry."" It is 2020, and global tensions have reached boiling point as the U.S. and North Korea square off in the South China Sea. At stake: a mysterious artifact uncovered by a team of U.S. archeologists. The North Korean government quickl... ",N/A,
The Binding of Isaac,—,"Action-adventure, roguelike",Edmund McMillen & Florian Himsl,Headup Games,3.0 million,09/28/2011,https://www.metacritic.com/game/the-binding-of-isaac,84.0,8.3,30.0,1135.0,Isaac is a roguelike shooter based on the dungeon structure of Zelda (nes). At its core it controls like Smash TV / Robotron in a randomly generated semi RPG world filled with powerups items and special abilities.,N/A,
V Rising,—,"Survival, Base building, Hack and slash",Stunlock Studios,Stunlock Studios,3.0 million,05/17/2022,https://www.metacritic.com/game/v-rising,N/A,N/A,N/A,N/A,"Awaken as a weakened vampire after centuries of slumber. Hunt for blood to regain your strength while hiding from the scorching sun to survive. Rebuild your castle and convert humans into your loyal servants in a quest to raise your vampire empire. Make allies or enemies online or play solo offline, fend off holy soldiers, and wage war i... ",14.1252,https://upload.wikimedia.org/wikipedia/en/thumb/c/ce/V_Rising_cover_art.jpg/220px-V_Rising_cover_art.jpg
Dark Souls II,Dark Souls,Action role-playing,FromSoftware,Bandai Namco Games,2.7 million,04/24/2014,https://www.metacritic.com/game/dark-souls-ii,91.0,8.1,69.0,1662.0,"Prepare to die... Again. Dare yourself to engage against intense gameplay in a vast world powered by a new engine. Immerse yourself into mind-bending environments filled with new twisted monsters and deadly bosses. A vast array of threats will prey on human senses & phobias - auditory hallucinations, vertigo, acrophobia, etc. More intric... ",7.8921,https://upload.wikimedia.org/wikipedia/en/thumb/e/ed/Dark_Souls_II_cover.jpg/220px-Dark_Souls_II_cover.jpg
Lords of the Realm II,Lord of the Realm,Turn-based strategy,Impressions Game,Impressions Game,2.5 million,10/31/1996,https://www.metacritic.com/game/lords-of-the-realm-ii,77.0,8.5,6.0,40.0,"Enter thirteenth century England! Lords of the Realm II immerses you in this harsh world where life is held cheap and conflict is epic. In this world reality is harsh, peace rare and combat brutal! Rise to become king ? brutally defeating your enemies, conquering neighboring realms and building your empire on their remains. Building on t... ",1.8091,https://upload.wikimedia.org/wikipedia/en/thumb/6/6a/Lords_of_the_Realm_II_Coverart.png/220px-Lords_of_the_Realm_II_Coverart.png
Caesar II,Caesar,City-building game,Impressions Game,Sierra On-Line,2.5 million,09/04/1995,https://www.metacritic.com/game/caesar-ii,N/A,N/A,N/A,N/A,"The Ultimate City-Building Simulation! You are the Governor of Roman province whose capital city (if you build it well!) will become the talk of the Empire. Choose from dozens of authentic structures - temples, aqueducts, bath houses, even the Circus Maximus - and watch your city spring to life. Develop resources, open trade routes and p... ",N/A,https://upload.wikimedia.org/wikipedia/en/thumb/5/52/Caesar_II_Coverart.png/220px-Caesar_II_Coverart.png
Caesar III,Caesar,City-building game,Impressions Game,Sierra Studios,2.5 million,05/30/1999,https://www.metacritic.com/game/caesar-iii,N/A,8.7,N/A,86.0,"Despite the small problems, building a thriving city in Caesar III is fun.",N/A,https://upload.wikimedia.org/wikipedia/en/thumb/5/56/Caeser_III_Coverart.jpg/220px-Caeser_III_Coverart.jpg
Horizon Zero Dawn,Horizon,Action role-playing,Guerrilla Games,Sony Interactive Entertainment,2.39 million,08/07/2020,https://www.metacritic.com/game/horizon-zero-dawn,89.0,8.4,124.0,12759.0,"Horizon Zero Dawn is a PS4-exclusive action role playing game developed by Guerrilla Games, creators of the Killzone franchise. As Horizon Zero Dawn’s main protagonist Aloy, a skilled hunter, explore a vibrant and lush world inhabited by mysterious mechanized creatures. Embark on an emotional journey to unravel mysteries of tribal societ... ",N/A,https://upload.wikimedia.org/wikipedia/en/thumb/9/93/Horizon_Zero_Dawn.jpg/220px-Horizon_Zero_Dawn.jpg
Final Fantasy VII,Final Fantasy,Role-playing game,Square,Eidos Interactive,2.1 million,06/25/1998,https://www.metacritic.com/game/final-fantasy-vii,81.0,8.3,27.0,224.0,"An evil and powerful corporation is slowly draining life from the planet in an effort to control the universe. However, a small rebellion, known as AVALANCHE, has vowed to put an end to this destructive plan.

You take on the role of Cloud Strife, an ex-soldier of the evil Shinra corporation, who joins AVALANCHE as a selfish mercenary,... ",N/A,https://upload.wikimedia.org/wikipedia/en/thumb/c/c2/Final_Fantasy_VII_Box_Art.jpg/220px-Final_Fantasy_VII_Box_Art.jpg
Grand Theft Auto V,Grand Theft Auto,Action-adventure,Rockstar North,Rockstar Games,2.0 million,04/14/2015,https://www.metacritic.com/game/grand-theft-auto-v,97.0,8.4,66.0,9309.0,"Los Santos is a vast, sun-soaked metropolis full of self-help gurus, starlets and once-important, formerly-known-as celebrities. The city was once the envy of the Western world, but is now struggling to stay afloat in an era of economic uncertainty and reality TV. Amidst the chaos, three unique criminals plot their own chances of surviva... ",23.6921,https://upload.wikimedia.org/wikipedia/en/thumb/a/a5/Grand_Theft_Auto_V.png/220px-Grand_Theft_Auto_V.png
Doom,Doom,First-person shooter,id Software,id Software,N/A,12/10/1993,https://www.metacritic.com/game/doom,79.0,8.5,73.0,705.0,"There is no taking cover or stopping to regenerate health in campaign mode as you beat back Hell’s raging demon hordes. Combine your arsenal of futuristic and iconic guns, upgrades, movement and an advanced melee system to knock-down, slash, stomp, crush, and blow apart demons in creative and violent ways. In multiplayer, dominate your o... ",6.5175,
Doom II: Hell on Earth,Doom,First-person shooter,id Software,GT Interactive,N/A,09/30/1994,https://www.metacritic.com/game/doom-ii-hell-on-earth,N/A,N/A,N/A,N/A,N/A,N/A,https://upload.wikimedia.org/wikipedia/en/thumb/2/29/Doom_II_-_Hell_on_Earth_Coverart.png/220px-Doom_II_-_Hell_on_Earth_Coverart.png
Warcraft II: Tides of Darkness,Warcraft,Real-time strategy,Blizzard Entertainment,Blizzard Entertainment,N/A,12/09/1995,https://www.metacritic.com/game/warcraft-ii-tides-of-darkness,N/A,9.1,N/A,91.0,"Warcraft II: Tides of Darkness takes the continuing saga of Azeroth to the next level as the battle rages on over land, sea, and air. Using new weapons of war, including Dragons, Battleships, Elven Archers, Zepplins, Death Knights and Juggernauts, both Humans and Orcs must use combined-arms tactics in an effort to become the true rulers ... ",N/A,https://upload.wikimedia.org/wikipedia/en/thumb/e/e3/Warcraft-2-Tides-Of-Darkness-Pc.jpg/220px-Warcraft-2-Tides-Of-Darkness-Pc.jpg
POD,POD,Racing game,Ubisoft,Ubisoft,2.0 million,02/28/1997,https://www.metacritic.com/game/pod,N/A,5.0,N/A,5.0,"It's simple to an extreme, but there's at least one amazing moment in each track that will keep your engine revving to the next.",N/A,
Anno 1602,Anno,City-building,Max Design,Sunflowers,2.0 million,09/24/1998,https://www.metacritic.com/game/anno-1602,N/A,N/A,N/A,N/A,N/A,N/A,https://upload.wikimedia.org/wikipedia/en/thumb/3/32/Anno_1602_-_Creation_of_a_New_World_Coverart.png/220px-Anno_1602_-_Creation_of_a_New_World_Coverart.png
Baldur's Gate,Baldur's Gate,Role-playing game,BioWare Black Isle Studios,Interplay Entertainment,2.0 million,12/21/1998,https://www.metacritic.com/game/baldurs-gate,91.0,8.8,16.0,908.0,"Baldur's Gate takes you back to the Forgotten Realms on a visually dazzling role-playing adventure, one that brings to life the grand tradition of Advanced Dungeons & Dragons through cutting edge art and technology. Immerse yourself in this quintessential medieval fantasy world, where entire nations hang in the balance of your actions, d... ",N/A,
Baldur's Gate II: Shadows of Amn,Baldur's Gate,Computer role-playing game,BioWare,Interplay Entertainment,2.0 million,09/21/2000,https://www.metacritic.com/game/baldurs-gate-ii-shadows-of-amn,95.0,9.1,30.0,1539.0,"An epic continuation of the story that began in ""Baldur's Gate,"" this RPG is set along the southern portion of the Sword Coast, a detailed and rich area of the Forgotten Realms called Amn. It features 300 spells and 130-plus monster types compared to only 130 spells and 60 monster types in Baldur's Gate. [Interplay]",N/A,https://upload.wikimedia.org/wikipedia/en/thumb/1/17/Baldur%27s_Gate_II_-_Shadows_of_Amn_Coverart.png/220px-Baldur%27s_Gate_II_-_Shadows_of_Amn_Coverart.png
Age of Empires II: The Age of Kings,Age of Empires,Real-time strategy,Ensemble Studios,Microsoft,N/A,09/30/1999,https://www.metacritic.com/game/age-of-empires-ii-the-age-of-kings,92.0,9.0,21.0,1408.0,"Age of Empires II: The Age of Kings is the sequel to the award-winning, best-selling real-time strategy game ""Age of Empires."" Age of Empires II spans a thousand years, from the fall of Rome through the Middle Ages in which players lead one of 13 civilizations into greatness. The game keeps the epic scope of Age of Empires' game play whi... ",N/A,https://upload.wikimedia.org/wikipedia/en/thumb/5/56/Age_of_Empires_II_-_The_Age_of_Kings_Coverart.png/220px-Age_of_Empires_II_-_The_Age_of_Kings_Coverart.png
Black & White,Black & White,God game,Lionhead Studios,EA Games Sold-Out Software,2.0 million,03/25/2001,https://www.metacritic.com/game/black-&-white,N/A,N/A,N/A,N/A,N/A,N/A,
Civilization III,Civilization,"Turn-based strategy, 4X",Firaxis Games,Infogrames,2.0 million,10/30/2001,https://www.metacritic.com/game/civilization-iii,N/A,N/A,N/A,N/A,N/A,N/A,https://upload.wikimedia.org/wikipedia/en/thumb/7/7a/Civilization_III_Coverart.png/220px-Civilization_III_Coverart.png
Neverwinter Nights,Neverwinter Nights,Role-playing game,BioWare,Infogrames / Atari,2.0 million,06/18/2002,https://www.metacritic.com/game/neverwinter-nights,91.0,8.2,34.0,637.0,"A hideous evil has awoken in the Forgotten Realms. Now, in order to save the inhabitants of the town of Neverwinter you must uncover a sinister conspiracy, unmask your mysterious betrayer and complete an epic struggle to defeat the powerful forces that look to halt your quest and unleash an evil your people would surely never survive. [I... ",N/A,
Stronghold: Crusader,Stronghold,Real-time strategy,Firefly Studios,Take-Two Interactive / Gathering of Developers,2.0 million,07/31/2002,https://www.metacritic.com/game/stronghold-crusader,78.0,8.8,14.0,388.0,"Journey to distant lands renowned for brave warriors and fearsome weaponry. This highly anticipated successor to the best-selling Stronghold combines the finest aspects from a City Builder and a Real-Time Strategy game. Lead a determined group of crusaders, forged by centuries of barbaric conflicts, or wage war against a powerful foreign... ",N/A,https://upload.wikimedia.org/wikipedia/en/thumb/9/9c/Crusadercover.jpg/220px-Crusadercover.jpg
Mafia: The City of Lost Heaven,Mafia,Third-person shooter,Illusion Softworks,Gathering of Developers,2.0 million,08/28/2002,https://www.metacritic.com/game/mafia-the-city-of-lost-heaven,N/A,N/A,N/A,N/A,N/A,N/A,https://upload.wikimedia.org/wikipedia/en/thumb/b/ba/MafiaUSCov.jpg/220px-MafiaUSCov.jpg
Battlefield 1942,Battlefield,First-person shooter,EA DICE,Electronic Arts,2.0 million,09/10/2002,https://www.metacritic.com/game/battlefield-1942,89.0,8.4,27.0,478.0,"In Battlefield 1942, you will experience the heat of battle as you heroically storm the beaches of Normandy, drive a tank across the deserts of northern Africa, pilot a fighter plane during the Battle of Midway, command a battleship at Guadalcanal, or parachute and commandeer a jeep in operation Market Garden. It is the only first person... ",N/A,https://upload.wikimedia.org/wikipedia/en/thumb/2/27/Battlefield_1942_Box_Art.jpg/220px-Battlefield_1942_Box_Art.jpg
SimCity 4,SimCity,City-building,Maxis,Electronic Arts (Windows) Aspyr Media (macOS),2.0 million,01/14/2003,https://www.metacritic.com/game/simcity-4,84.0,8.6,36.0,336.0,"PLAY GOD - Sculpt mountains, gouge valleys, seed forests, and bring forth animals to create a world imagined only by you. Summon volcanoes, release tornadoes, and call down meteors and ligthening. PLAY MAYOR - Connect a massive region of SimCities, each sharing and competing for resources. Deploy emergency vehicles and join in the action... ",N/A,https://upload.wikimedia.org/wikipedia/en/thumb/d/d2/SimCity_4_cover.jpg/220px-SimCity_4_cover.jpg
Anno 1503,Anno,City-building,Max Design,Sunflowers,2.0 million,03/23/2003,https://www.metacritic.com/game/anno-1503,N/A,N/A,N/A,N/A,N/A,N/A,https://upload.wikimedia.org/wikipedia/en/thumb/1/19/Anno_1503_cover.jpg/220px-Anno_1503_cover.jpg
Counter-Strike: Condition Zero,Counter-Strike,First-person shooter,Valve Gearbox Software Ritual Entertainment Turtle Rock Studios,Valve (digital) Sierra Entertainment (retail),2.0 million,03/23/2004,https://www.metacritic.com/game/counter-strike-condition-zero,65.0,7.5,33.0,285.0,"Counter-Strike: Condition Zero (CS:CZ), a tactical action game, challenges you to compete with and against cunning AI opponents in mission-based campaigns spread across the globe. As squad leader of an elite counter-terrorist operative, use specialized maneuvers and weapon skills to complete over 20 new missions, each containing numerous... ",N/A,https://upload.wikimedia.org/wikipedia/en/thumb/a/a8/CZbox.jpg/220px-CZbox.jpg
Counter-Strike: Source,Counter-Strike,First-person shooter,Valve,Electronic Arts (retail) Valve (digital),2.0 million,11/01/2004,https://www.metacritic.com/game/counter-strike-source,88.0,8.2,9.0,1347.0,"Valve has taken a large selection of the maps from Counter-Strike 1.6 - Office, Havana, Italy, Aztec, Chateau, Cobble, Piranesi and of course eternal favourites Dust and Dust 2, and recreated them for the source engine. This means all new textures and major aesthetic changes with more complex buildings and scenery. In addition, the level... ",N/A,https://upload.wikimedia.org/wikipedia/en/thumb/4/43/Counter-Strike_Source_%28box_art%29.jpg/220px-Counter-Strike_Source_%28box_art%29.jpg
Far Cry,Far Cry,First-person shooter,Crytek,Ubisoft,2.0 million,03/23/2004,https://www.metacritic.com/game/far-cry,89.0,7.9,72.0,1112.0,"A tropical paradise seethes with hidden evil in Far Cry, a cunningly detailed action shooter that pushes the boundaries of combat to shocking new levels. Freelance mariner Jack Carver is cursing the day he ever came to this island. A week ago, a brash female reporter named Valerie had offered him an incredible sum of cash to take her to ... ",N/A,
Age of Empires III,Age of Empires,Real-time strategy,Ensemble Studios,Microsoft,2.0 million,10/18/2005,https://www.metacritic.com/game/age-of-empires-iii,81.0,8.0,52.0,706.0,"Age of Empires III offers gamers the next level of realism, with advanced battle physics and unparalleled visual detail. The new game picks up where Age of ""Empires II: Age of Kings"" left off, placing gamers in the position of a European power determined to explore, colonize and conquer the New World. This time period features stunning s... ",N/A,https://upload.wikimedia.org/wikipedia/en/thumb/9/9b/Aoeiii-cover.jpg/220px-Aoeiii-cover.jpg
Magicka,—,Action-adventure,Arrowhead Game Studios,Paradox Interactive,2.0 million,01/25/2011,https://www.metacritic.com/game/magicka,74.0,7.6,44.0,679.0,"Magicka is an action-adventure game set in a rich fantasy world based on Norse mythology. The player assumes the role of a wizard from a sacred order tasked with the ultimate goal of stopping an evil sorcerer who has thrown the world into turmoil, his evil creations besieging the forces of good.",N/A,https://upload.wikimedia.org/wikipedia/en/thumb/b/ba/Magicka_box.jpg/220px-Magicka_box.jpg
Cossacks II: Napoleonic Wars,Cossacks,Real-time strategy,GSC Game World,CDV Software,2.0 million,04/15/2005,https://www.metacritic.com/game/cossacks-ii-napoleonic-wars,73.0,7.1,33.0,49.0,"Napoleonic period brought ""civilized"" warfare, fighting in combat formations into being. The very principle is put into practice in Cossacks II gameplay. Generally speaking, formations play a decisive role on the battlefields whereas individual units are mostly ineffective. Players are given a chance to lead their armies to victory throu... ",3.0731,https://upload.wikimedia.org/wikipedia/en/thumb/1/14/Cossacks_2.jpg/220px-Cossacks_2.jpg
Crusader Kings III,Crusader Kings,Grand strategy,Paradox Development Studio,Paradox Interactive,2.0 million,09/01/2020,https://www.metacritic.com/game/crusader-kings-iii,91.0,8.4,66.0,762.0,Paradox Development Studio brings you the sequel to one of the most popular strategy games ever made. Crusader Kings III is the heir to a long legacy of historical grand strategy experiences and arrives with a host of new ways to ensure the success of your royal house.,N/A,https://upload.wikimedia.org/wikipedia/en/thumb/a/a3/Crusader_Kings_III.jpg/220px-Crusader_Kings_III.jpg
The Witcher,The Witcher,Action role-playing,CD Projekt Red,Atari,2.0 million,10/26/2007,https://www.metacritic.com/game/the-witcher,81.0,8.4,50.0,1261.0,"The Witcher combines spectacular and visually stunning action with deep and intriguing storyline. The game is set in a world created by best-selling Polish author Andrzej Sapkowski. The world shares many common features with other fantasy lands, but there are also some distinguishing elements setting it apart from others. The game featur... ",N/A,
The Witcher 2: Assassins of Kings,The Witcher,Action role-playing,CD Projekt Red,CD Projekt,2.0 million,05/17/2011,https://www.metacritic.com/game/the-witcher-2-assassins-of-kings,88.0,8.4,82.0,1159.0,The Witcher 2 is the sequel to developer CD Projekt's mature-themed fantasy role-playing game based on the works of author Andrzej Sapkowski.,53.3171,https://upload.wikimedia.org/wikipedia/en/thumb/4/40/Witcher_2_cover.jpg/220px-Witcher_2_cover.jpg
Spore,Spore,God game,Maxis,Electronic Arts,2.0 million,09/04/2008,https://www.metacritic.com/game/spore,84.0,7.4,75.0,948.0,"From the mind of Will Wright comes SPORE, a journey that takes you from the origin and evolution of life through the development of civilization and technology and eventually all the way into the deepest reaches of outer space. Begin your odyssey at the dawn of life as a simple microbe just trying to survive, then use the fun, intuitive ... ",N/A,
SimCity,SimCity,City-building,Electronic Arts,Electronic Arts,2.0 million,03/05/2013,https://www.metacritic.com/game/simcity,64.0,2.2,75.0,4575.0,Control a region that delivers true multi-city scale and play a single city or up to sixteen cities at once each with different specializations. Multiplayer adds a new facet to your game as your decisions will have an effect both your city and your region and creates new ways to play by collaborating or competing to earn achievements.,N/A,
Space Engineers,—,Simulation,Keen Software House,Keen Software House,2.0 million,10/13/2013,https://www.metacritic.com/game/space-engineers,68.0,5.5,4.0,15.0,"Space Engineers is a sandbox game about engineering, construction and maintenance of space works. Players build space ships and space stations of various sizes and utilization (civil and military), pilot ships and perform asteroid mining.",12.5531,https://upload.wikimedia.org/wikipedia/en/thumb/7/7b/Space_Engineers_Logo.png/220px-Space_Engineers_Logo.png
7 Days to Die,7 Days,Survival horror,The Fun Pimps,The Fun Pimps,N/A,06/28/2016,https://www.metacritic.com/game/7-days-to-die,35.0,5.5,17.0,145.0,"Building on survivalist and horror themes, players in 7 Days to Die can scavenge the abandoned cities of the buildable and destructable voxel world for supplies or explore the wilderness to gather raw materials to build their own tools, weapons, traps, fortifications and shelters.",N/A,https://upload.wikimedia.org/wikipedia/en/thumb/2/20/7_Days_To_Die_cover_art.jpg/220px-7_Days_To_Die_cover_art.jpg
Planet Coaster,—,Construction and management simulation,Frontier Developments,Frontier Developments,2.0 million,N/A,https://www.metacritic.com/game/planet-coaster,84.0,7.7,61.0,452.0,"Planet Coaster is the future of coaster park simulation games. From the developer: We’ve created a living world where every guest is an individual with their own personality and money in their pocket. We’re giving you limitless freedom to build rides and scenery piece by piece, and to seamlessly blend them with your own hand-sculpted ter... ",30.1227,https://upload.wikimedia.org/wikipedia/en/thumb/6/60/Planet_coaster_box.png/220px-Planet_coaster_box.png
Stickfight: The Game,—,Fighting,Landfall Games,Landfall Games,2.0 million,09/28/2017,https://www.metacritic.com/game/stickfight-the-game,N/A,N/A,N/A,N/A,N/A,N/A,
Diablo,Diablo,Action role-playing,Blizzard North,Blizzard Entertainment (North America) Ubisoft (Europe),1.8 million,12/31/1996,https://www.metacritic.com/game/diablo,94.0,8.7,12.0,1412.0,"The kingdom of Khandaras has fallen into chaos. An unknown force of evil has swept across the land. Plunging it nto civil war and terrorizing the populace. A mad king, his missing son, and a mysterious archbishop are all pieces to the puzzle that faces you. You have journeyed to the source of the evil. The town of Tristram. Now inhabited... ",N/A,
Metal Gear Solid V: The Phantom Pain,Metal Gear Solid,"Action-adventure, stealth",Kojima Productions,Konami,1.8 million,09/01/2015,https://www.metacritic.com/game/metal-gear-solid-v-the-phantom-pain,93.0,8.2,88.0,6540.0,"Following the prologue METAL GEAR SOLID V: GROUND ZEROES, METAL GEAR SOLID V: THE PHANTOM PAIN concludes the METAL GEAR SOLID V experience by following the story of the protagonist of the series, Big Boss (a.k.a. Snake). The METAL GEAR SOLID V experience is Creator and Director Hideo Kojima's first time incorporating open world gameplay ... ",10.2621,https://upload.wikimedia.org/wikipedia/en/thumb/8/8f/Metal_Gear_Solid_V_The_Phantom_Pain_cover.png/220px-Metal_Gear_Solid_V_The_Phantom_Pain_cover.png
Star Citizen,—,"MMO, Space trading and combat, first-person shooter",Cloud Imperium Games,Cloud Imperium Games,N/A,08/29/2013,https://www.metacritic.com/game/star-citizen,N/A,2.9,N/A,109.0,"You wake up... The hum of the fusion drive reverberates through the ship's hull. It reminds you that you should probably replace it soon. A quick check on the MobiGlas says there's an Aegis showroom on the planet you're heading to. Couldn't hurt to see what they got, right? With the Credits you make delivering this cargo, you should be a... ",N/A,https://upload.wikimedia.org/wikipedia/en/thumb/9/91/Star_Citizen_logo.png/220px-Star_Citizen_logo.png
American Truck Simulator,Truck Simulator,Vehicle simulation,SCS Software,SCS Software,1.5 million,10/19/2012,https://www.metacritic.com/game/american-truck-simulator,76.0,7.3,32.0,329.0,Experience legendary American trucks and deliver various cargoes across sunny California and sandy Nevada. American Truck Simulator takes you on a journey through the breathtaking landscapes and widely recognized landmarks around the States. ,N/A,https://upload.wikimedia.org/wikipedia/en/thumb/2/20/American_Truck_Simulator_Steam_Cover.jpg/220px-American_Truck_Simulator_Steam_Cover.jpg
Half-Life,Half-Life,First-person shooter,Valve,Sierra Entertainment,1.5 million,11/19/1998,https://www.metacritic.com/game/half-life,96.0,9.1,24.0,4800.0,"Half-Life combines great storytelling in the tradition of Stephen King with intense action and advanced technology to create a frighteningly realistic world where players need to think smart to survive. Half-Life has won more than 50 Game of the Year awards from publications around the world, and was named 'Best PC Game Ever' in PC Gamer... ",N/A,
International Karate,International Karate,Fighting,System 3,Epyx,1.5 million,N/A,https://www.metacritic.com/game/international-karate,N/A,N/A,N/A,N/A,N/A,N/A,https://upload.wikimedia.org/wikipedia/en/thumb/8/8c/International_Karate_-_cover_art_%28Commodore_64%29.jpg/220px-International_Karate_-_cover_art_%28Commodore_64%29.jpg
Marvel's Spider-Man Remastered,Marvel's Spider-Man,Action-adventure,Insomniac Games,Sony Interactive Entertainment,1.5 million,08/12/2022,https://www.metacritic.com/game/marvels-spider-man-remastered,87.0,8.5,70.0,1129.0,"Developed by my Insomniac Games teammates in collaboration with Marvel, Marvel's Spider-Man Remastered introduces you to an experienced Peter Parker who's fighting big crime and iconic villains in Marvel's New York. At the same time, he's struggling to balance his chaotic personal life and career while the fate of Marvel's New York rests... ",47.392100000000006,https://upload.wikimedia.org/wikipedia/en/thumb/e/e1/Spider-Man_PS4_cover.jpg/220px-Spider-Man_PS4_cover.jpg
Sega Mega Drive and Genesis Classics,Sega Mega Drive and Genesis Classics,Compilation,Sega,Sega,1.5 million,06/01/2010,https://www.metacritic.com/game/sega-mega-drive-and-genesis-classics,75.0,7.4,28.0,60.0,"[Also known as SEGA Mega Drive Classics] SEGA's collection of Mega Drive & Genesis classics comes to a new generation of consoles - and players. Over 50 titles across all genres from all-time classics like Sonic and Streets of Rage 2 to deep RPGs like the Phantasy Star series; arcade action, shooters, beat 'em ups, puzzlers, old favourit... ",N/A,https://upload.wikimedia.org/wikipedia/en/thumb/4/46/300px-Sega_Mega_Drive_and_Genesis_Classics_cover.jpg/220px-300px-Sega_Mega_Drive_and_Genesis_Classics_cover.jpg
Stellaris,—,"RTS, 4X, Grand Strategy",Paradox Development Studio,Paradox Interactive,1.5 million,05/09/2016,https://www.metacritic.com/game/stellaris,78.0,8.0,59.0,1017.0,"Featuring deep strategic gameplay, an enormous selection of alien races and emergent storytelling, Stellaris has a deeply challenging system that rewards interstellar exploration as you traverse, discover, interact and learn more about the multitude of species you will encounter during your travels. Etch your name across the cosmos by un... ",N/A,
Ultra Street Fighter IV,Street Fighter,Fighting,Capcom Dimps,Capcom,1.3 million,07/02/2009,https://www.metacritic.com/game/ultra-street-fighter-iv,84.0,7.1,29.0,99.0,"The series evolves to a whole new level with Ultra Street Fighter IV for PlayStation 3, Xbox 360, and PC. Continuing the tradition of excellence the series is known for, five new characters and six new stages have been added for even more fighting mayhem, with rebalanced gameplay and original modes topping off this offering.",20.7612,https://upload.wikimedia.org/wikipedia/en/thumb/0/06/Street_Fighter_IV_%28flyer%29.jpg/220px-Street_Fighter_IV_%28flyer%29.jpg
Satisfactory,—,Construction and management simulation,Coffee Stain Studios,Coffee Stain Studios,1.3 million,03/19/2019,https://www.metacritic.com/game/satisfactory,N/A,N/A,N/A,N/A,"Satisfactory is a first-person open-world factory building game with a dash of exploration and combat. Pioneering for FICSIT Incorporated means charting and exploiting an alien planet, battling alien lifeforms, creating multi-story factories, entering conveyor belt heaven, automating vehicles, and researching new technologies. ",N/A,https://upload.wikimedia.org/wikipedia/en/thumb/0/0a/Satifactory_video_game_cover_art.jpg/220px-Satifactory_video_game_cover_art.jpg
Resident Evil 6,Resident Evil,"Third-person shooter, survival horror",Capcom,Capcom,1.3 million,03/21/2013,https://www.metacritic.com/game/resident-evil-6,67.0,5.3,71.0,1635.0,"Resident Evil favorites Leon S. Kennedy and Chris Redfield are joined by new characters such as Jake Muller to face a world-wide bioterrorist threat, as the action moves between North America, the war-torn Eastern European state of Edonia and the Chinese city of Lanshiang.",N/A,https://upload.wikimedia.org/wikipedia/en/thumb/1/11/Resident_Evil_6_box_artwork.png/220px-Resident_Evil_6_box_artwork.png
Resident Evil 4: Ultimate HD Edition,Resident Evil,"Third-person shooter, survival horror",Capcom,Capcom,1.2 million,02/27/2014,https://www.metacritic.com/game/resident-evil-4-ultimate-hd-edition,84.0,8.2,36.0,288.0,"Resident Evil 4 marks a new chapter in the Resident Evil series. You'll rejoin Leon S. Kennedy six years after his first mission as a rookie cop from Resident Evil 2. Now a US agent, Leon is on a top secret mission to investigate the disappearance of the president's daughter. As Leon, you must make your way to a mysterious location in Eu... ",N/A,https://upload.wikimedia.org/wikipedia/en/thumb/d/d9/Resi4-gc-cover.jpg/220px-Resi4-gc-cover.jpg
Nier: Automata,Nier,"Action role-playing, hack and slash",PlatinumGames Square Enix,Square Enix,1.2 million,03/17/2017,https://www.metacritic.com/game/nier-automata,88.0,8.9,107.0,4749.0,"NieR Producer Yosuke Saito, director Taro Yoko and composer Keiichi Okabe return, teaming up with character designer Akihiko Yoshida and PlatinumGames to present the next entry in the saga – NieR: Automata.",N/A,https://upload.wikimedia.org/wikipedia/en/thumb/2/21/Nier_Automata_cover_art.jpg/220px-Nier_Automata_cover_art.jpg
Pac-Man Championship Edition DX+,Pac-Man,"Maze, arcade",Namco Bandai Games Mine Loader Software,Namco Bandai Games,1.1 million,09/25/2013,https://www.metacritic.com/game/pac-man-championship-edition-dx+,N/A,N/A,N/A,N/A,N/A,N/A,https://upload.wikimedia.org/wikipedia/en/3/34/Pac-Man_CE_DX_cover.png
Kingdom Come: Deliverance,—,Action role-playing game,Warhorse Studios,Warhorse Studios,1.1 million,02/13/2018,https://www.metacritic.com/game/kingdom-come-deliverance,76.0,8.1,65.0,3025.0,"Kingdom Come: Deliverance is an open world, action-adventure, role-playing game featuring blockbuster production values, a nonlinear story and revolutionary, first-person melee combat.",19.5604,https://upload.wikimedia.org/wikipedia/en/thumb/f/fd/Kingdom_Come_Deliverance.jpg/220px-Kingdom_Come_Deliverance.jpg
Hydlide,Hydlide,Action role-playing,Technology and Entertainment Software,Technology and Entertainment Software,1.0 million,12/13/1984,https://www.metacritic.com/game/hydlide,N/A,N/A,N/A,N/A,"The young knight, Jim, has a tough challenge: He must avenge the death of the king and save Princess Ann by destroying the devil Boralis and his monstrous companions. Jim comes face-to-face with many forms of evil - water dragon, vampire, zombie, sea monster, a moving forest, and fireballs. But the king's sword and shield are what he nee... ",N/A,https://upload.wikimedia.org/wikipedia/en/thumb/a/ac/Hydlide_Cover.jpg/220px-Hydlide_Cover.jpg
Tetris,Tetris,Puzzle,Spectrum HoloByte,Spectrum HoloByte,1.0 million,N/A,https://www.metacritic.com/game/tetris,85.0,7.2,7.0,27.0,"EXPERIENCE THE PUZZLE BLOCKBUSTER! 100s of millions of players worldwide have made TETRIS&reg; one of the most popular games ever.
 
ENDLESS HOURS OF FUN
Enjoy Classic Marathon mode, slide, rotate &amp; drop your tetriminos into place with touchscreen controls.

TAP INTO TETRIS&reg;
Listen to &amp; control your iTunes&reg; while you play... ",N/A,https://upload.wikimedia.org/wikipedia/commons/thumb/9/9c/Typical_Tetris_Game.svg/220px-Typical_Tetris_Game.svg.png
RoboCop,RoboCop,Run and gun,Data East,"Data East, Ocean Software",1.0 million,N/A,https://www.metacritic.com/game/robocop,N/A,N/A,N/A,N/A,"Step into the shoes of the half-man, half-human hybrid known as Robocop. Your mission is to uncover a sinister plot involving OCP, local gangsters dealing a deadly new synthetic drug and a powerful cyborg known only as MIND. As the police force's last hope, you must capture, destroy, or arrest hostile characters in a desperate search for... ",N/A,
Return to Zork,Zork,Adventure,Infocom,Activision,1.0 million,08/20/1993,https://www.metacritic.com/game/return-to-zork,N/A,N/A,N/A,N/A,"According to the myth, the Great Underground Empire of Zork was destroyed and all evil magic was dispersed. But now, the IT&amp;L Corporation claims to have discovered the mythical dark recesses beneath the Valley of the Sparrows.
Since their discovery, nightmares have become common. People have vanished. Buildings have disappeared. And... ",N/A,https://upload.wikimedia.org/wikipedia/en/thumb/d/dd/Return_to_Zork_Coverart.png/220px-Return_to_Zork_Coverart.png
Star Wars: Rebel Assault,Star Wars,Rail shooter,LucasArts,LucasArts,1.0 million,N/A,https://www.metacritic.com/game/star-wars-rebel-assault,N/A,N/A,N/A,N/A,"Rebel Forces have won their first battle against the dark side... But the war has only just begun!
As Rookie One, you are drawn into a 3D galaxy far, far away to crush the evil Empire once and for all. Take your T16 Skyscraper on a training run through Beggar's Canyon. Then dodge asteroids and blast TIE fighters in a deep space rumble..... ",N/A,https://upload.wikimedia.org/wikipedia/en/thumb/e/e7/Swrebel1.jpg/220px-Swrebel1.jpg
Star Wars Galaxies,Star Wars,MMORPG,Sony Online Entertainment,LucasArts,1.0 million,06/26/2003,https://www.metacritic.com/game/star-wars-galaxies,N/A,N/A,N/A,N/A,N/A,N/A,https://upload.wikimedia.org/wikipedia/en/thumb/a/a2/Star_Wars_Galaxies_Box_Art.jpg/220px-Star_Wars_Galaxies_Box_Art.jpg
Wing Commander 3: Heart of the Tiger,Wing Commander,Space combat simulation,Origin Systems,Electronic Arts,1.0 million,N/A,https://www.metacritic.com/game/wing-commander-3-heart-of-the-tiger,N/A,N/A,N/A,N/A,N/A,N/A,https://upload.wikimedia.org/wikipedia/en/thumb/3/32/Wc3boxart.jpg/220px-Wc3boxart.jpg
Full Throttle,—,Graphic adventure,LucasArts,LucasArts,1.0 million,04/30/1995,https://www.metacritic.com/game/full-throttle,86.0,8.5,8.0,211.0,"You're Ben--beaten, framed for murder and left for dead on the roadside. You've got a lump on your back and a feeling in your gut that the road you're on is about to get a lot rougher. Full Throttle features an amazingly simple interface and fast-paced action. Brilliant graphics and animation provide a strong cartoon feel, while the voic... ",N/A,
Phantasmagoria,Phantasmagoria,Interactive movie,Sierra Online,Sierra Online,1.0 million,07/31/1995,https://www.metacritic.com/game/phantasmagoria,N/A,N/A,N/A,N/A,N/A,N/A,
Daryl F. Gates' Police Quest: SWAT,Police Quest,Interactive movie,Sierra Online,Sierra Online,1.0 million,09/30/1995,https://www.metacritic.com/game/daryl-f-gates-police-quest-swat,N/A,N/A,N/A,N/A,N/A,N/A,https://upload.wikimedia.org/wikipedia/en/thumb/9/93/Daryl_F._Gates%27_Police_Quest_-_SWAT_Coverart.png/220px-Daryl_F._Gates%27_Police_Quest_-_SWAT_Coverart.png
Duke Nukem 3D,Duke Nukem,First-person shooter,3D Realms,GT Interactive,N/A,01/29/1996,https://www.metacritic.com/game/duke-nukem-3d,80.0,8.2,19.0,51.0,"Prepare yourself for the ultimate 3D Slugfest. Murderous aliens have landed in futuristic Los Angeles, and the humans suddenly find themselves atop the endangered species list. The odds are a million-to-one. Just the way Duke likes it. Dive into realistic 3D scenarios, with 28 totally realistic levels, as you drive the sinister aliens th... ",N/A,https://upload.wikimedia.org/wikipedia/en/thumb/6/61/Duke_Nukem_3D_Coverart.png/220px-Duke_Nukem_3D_Coverart.png
Civilization II,Civilization,"Turn-based strategy, 4X",MicroProse,MicroProse,1.0 million,02/29/1996,https://www.metacritic.com/game/civilization-ii,94.0,8.6,7.0,471.0,"An empire-building turn-based strategy game. The game starts at the Old Stone Age in 4000 BC. Your tribe begins with a Settlers unit and has no knowledge about the surrounding area. As you found new cities and explore the surroundings, you may find hostile barbarians, villages, and other competing cultures. [Civ Fantatics' Center]",N/A,https://upload.wikimedia.org/wikipedia/en/thumb/7/73/Civ2boxart.jpg/220px-Civ2boxart.jpg
Quake,Quake,First-person shooter,id Software,GT Interactive,N/A,06/22/1996,https://www.metacritic.com/game/quake,94.0,8.7,9.0,983.0,"Rage through 32 single player levels and 6 deathmatch levels of sheer terror and fully immersive sound and lighting. Arm yourself against the cannibalistic Ogre, fiendish Vore and indestructible Schambler using letal nails, fierce Thunderbolts and abominable Rocket and Grenade Launchers. [id Software]",N/A,
Quake II,Quake,First-person shooter,id Software,Activision,1.0 million,12/09/1997,https://www.metacritic.com/game/quake-ii,N/A,8.9,N/A,291.0,"Whatever else may be said about Quake II, one thing is certain: It is the only first-person shooter to render the original Quake entirely obsolete.",N/A,https://upload.wikimedia.org/wikipedia/en/thumb/b/b5/Quake2box.jpg/220px-Quake2box.jpg
Grand Prix 2,Grand Prix,Sim racing,MicroProse,MicroProse,1.0 million,08/30/1996,https://www.metacritic.com/game/grand-prix-2,N/A,N/A,N/A,N/A,N/A,N/A,https://upload.wikimedia.org/wikipedia/en/thumb/c/c6/Grand_Prix_2_Coverart.png/220px-Grand_Prix_2_Coverart.png
Total Annihilation,Total Annihilation,Real-time strategy,Cavedog Entertainment,GT Interactive,1.0 million,09/30/1997,https://www.metacritic.com/game/total-annihilation,86.0,8.7,10.0,185.0,"Long ago, the galaxy had known peace. Paradise was ruled with the hand of science, and the hand was that of the galactic governing body known as the Core. Ironically, it was the Core's ultimate victory, the victory over death itself, that brought about the downfall of its paradise and started the war that would decimate a million worlds.... ",N/A,https://upload.wikimedia.org/wikipedia/en/thumb/6/6c/Total_Annihilation_Coverart.png/220px-Total_Annihilation_Coverart.png
Frogger,Frogger,Action,SCE Cambridge Studio,Hasbro Interactive,N/A,11/03/1997,https://www.metacritic.com/game/frogger,61.0,5.8,17.0,5.0,"[Xbox Live Arcade]  Enjoy the classic game Frogger, revitalized and brand spanking new on your Xbox 360. Features enhanced artwork building on the original title's style, modernized sound and music, and all new play modes. Versus speed mode: Race a friend in split screen or Xbox Live action with this exciting new mode. Take as many frogs... ",N/A,https://upload.wikimedia.org/wikipedia/en/thumb/4/4b/Frogger_arcade_flyer.jpg/220px-Frogger_arcade_flyer.jpg
Deer Hunter,Deer Hunter,Sports,Sunstorm Interactive,WizardWorks,N/A,11/13/1997,https://www.metacritic.com/game/deer-hunter,N/A,N/A,N/A,N/A,"The ultimate outdoor hunting series makes its console debut on the PlayStation2 computer entertainment system. Deer Hunter delivers an addictive hunting experience, featuring over 15 in-game animals and an online Tournament Mode for intense competition with up to eight players. Explore a variety of hunting areas, drive off-road vehicles ... ",N/A,
Blade Runner,—,Point-and-click,Westwood Studios,Virgin Interactive,1.0 million,11/21/1997,https://www.metacritic.com/game/blade-runner,N/A,8.7,N/A,73.0,"Blade Runner is an interesting mood piece, but somewhere along the production line, someone forgot to include a game.",N/A,
Unreal,Unreal,First-person shooter,Epic Games Digital Extremes,GT Interactive,1.0 million,05/22/1998,https://www.metacritic.com/game/unreal,N/A,8.8,N/A,128.0,"What gives Unreal an edge is how these differences, while not always positive, distinguish it from the legions of other 3D shooters.",N/A,
Unreal Tournament,Unreal,First-person shooter,Epic Games Digital Extremes,GT Interactive,1.0 million,11/30/1999,https://www.metacritic.com/game/unreal-tournament,N/A,N/A,N/A,N/A,N/A,N/A,https://upload.wikimedia.org/wikipedia/en/thumb/f/f4/Unrealtournament.jpg/220px-Unrealtournament.jpg
Commandos: Behind Enemy Lines,Commandos,Real-time tactics,Pyro Studios,Eidos Interactive,1.0 million,06/24/1998,https://www.metacritic.com/game/commandos-behind-enemy-lines,N/A,8.8,N/A,152.0,"Commandos is a real-time tactics game set in World War II that puts you in command of a small squad of elite troopers. Send them behind enemy lines on a series of hazardous missions, and bring them back alive.

Clever strategy has never been so furiously action-packed. Study the enemy's movements, develop a careful plan, synchronize yo... ",3.3812,https://upload.wikimedia.org/wikipedia/en/thumb/d/d2/Commandos_Behind_Enemy_Lines.jpg/220px-Commandos_Behind_Enemy_Lines.jpg
Railroad Tycoon II,Railroad Tycoon,Construction and management simulation,PopTop Software,Take-Two Interactive / Gathering of Developers,N/A,11/04/1998,https://www.metacritic.com/game/railroad-tycoon-ii,89.0,8.5,11.0,79.0,"Ride the Iron Horse. It can take you from New York to South Africa. It can take you from the year 1804 to the year 2000. It can take you from penniless manual laborer to powerful multi-millionaire. It can take you from a normal, well-adjusted, well-rounded person to an obsessed, singled-minded, one-tracked trainhead. This is a real railr... ",N/A,https://upload.wikimedia.org/wikipedia/en/thumb/0/06/Railroad_Tycoon_2_cover.jpg/220px-Railroad_Tycoon_2_cover.jpg
Hidden & Dangerous,Hidden & Dangerous,Action,Illusion Softworks,Take-Two Interactive,N/A,07/29/1999,https://www.metacritic.com/game/hidden-&-dangerous,N/A,N/A,N/A,N/A,N/A,N/A,https://upload.wikimedia.org/wikipedia/en/thumb/e/e4/Hidden_and_dangerous_cover-01.jpg/220px-Hidden_and_dangerous_cover-01.jpg
Rimworld,—,Construction and management simulation,Ludeon Studios,Ludeon Studios,1.0 million,N/A,https://www.metacritic.com/game/rimworld,87.0,8.9,9.0,660.0,"A sci-fi colony sim driven by an intelligent AI storyteller. Inspired by Dwarf Fortress and Firefly. Generates stories by simulating psychology, ecology, gunplay, melee combat, climate, biomes, diplomacy, interpersonal relationships, art, medicine, trade, and more. ",27.642100000000003,https://upload.wikimedia.org/wikipedia/en/thumb/a/a4/Rimworld_logo.png/220px-Rimworld_logo.png
Command & Conquer: Tiberian Sun,Command & Conquer,Real-time strategy,Westwood Studios,Electronic Arts,1.0 million,08/27/1999,https://www.metacritic.com/game/command-&-conquer-tiberian-sun,N/A,N/A,N/A,N/A,N/A,N/A,https://upload.wikimedia.org/wikipedia/en/thumb/b/be/Cncts-win-cover.jpg/220px-Cncts-win-cover.jpg
Who Wants to Be a Millionaire?,—,Trivia game,Jellyvision,Disney Interactive Studios,1.0 million,11/28/1999,https://www.metacritic.com/game/who-wants-to-be-a-millionaire?,N/A,6.0,N/A,4.0,Who Wants To Be A Millionaire is based on the TV game show.,N/A,
American McGee's Alice,Alice,"Action-adventure, platformer",Rogue Entertainment,Electronic Arts,N/A,10/06/2000,https://www.metacritic.com/game/american-mcgees-alice,85.0,7.8,34.0,219.0,"When Alice answers a summons to return to Wonderland, she barely recognizes the place. From the fungal rot of the Mushroom Forest to the chemistry of the Mad Hatter's Domain, Wonderland festers to its core. Undaunted by the diseased ambiance and mortal danger that surround her, Alice must undo the chaos.  [Electronic Arts]",N/A,https://upload.wikimedia.org/wikipedia/en/thumb/a/a9/American_McGee_Alice_cover.png/220px-American_McGee_Alice_cover.png
Command & Conquer: Red Alert 2,Command & Conquer,Real-time strategy,Westwood Pacific,Electronic Arts,1.0 million,10/23/2000,https://www.metacritic.com/game/command-&-conquer-red-alert-2,N/A,N/A,N/A,N/A,N/A,N/A,https://upload.wikimedia.org/wikipedia/en/thumb/1/11/Cncra2-win-cover.jpg/220px-Cncra2-win-cover.jpg
Kenshi,—,Real-time strategy Action role-playing game,Lo-Fi Games,Lo-Fi Games,1.0 million,12/06/2018,https://www.metacritic.com/game/kenshi,75.0,8.5,10.0,292.0," A free-roaming squad based RPG. Focusing on open-ended sandbox gameplay features rather than a linear story. Be a trader, a thief, a rebel, a warlord, an adventurer, a farmer, a slave, or just food for the cannibals. Research new equipment and craft new gear. ",N/A,
Tropico,Tropico,Construction and management simulation,PopTop Software,Gathering of Developers,1.0 million,04/24/2001,https://www.metacritic.com/game/tropico,85.0,8.2,28.0,121.0,"Picture a city-building simulation, god game combination with a good splash of humor set in a third world, Caribbean island setting.",N/A,
Operation Flashpoint: Cold War Crisis,—,Tactical shooter,Bohemia Interactive Studio,Codemasters,1.0 million,06/22/2001,https://www.metacritic.com/game/operation-flashpoint-cold-war-crisis,64.0,N/A,24.0,N/A,"Players assume the role of a U.S. NATO private on a training mission in a fictional 1985 Cold War storyline, where a new Soviet regime seizes control of an island community, and underground resistance groups have mobilized in opposition. The new Soviet government, unable to fight the resistance, calls upon NATO to act as a peacekeeping f... ",N/A,https://upload.wikimedia.org/wikipedia/en/thumb/f/f3/Operation_Flashpoint_cover.jpg/220px-Operation_Flashpoint_cover.jpg
Runaway: A Road Adventure,Runaway,Adventure,"Péndulo Studios, S.L.",Dinamic Multimedia,1.0 million,07/06/2001,https://www.metacritic.com/game/runaway-a-road-adventure,74.0,7.5,19.0,84.0,"New York...Without knowing how or why, Brian, a student on the verge of graduating from college, is attacked by Mafia gangsters. During his desperate getaway, in the company of a mysterious striptease dancer, he ends up meeting a wide range of unusual characters. But which ones are trying to help him and which ones are planning to blow h... ",N/A,https://upload.wikimedia.org/wikipedia/en/thumb/1/1e/Runawaybox.jpg/220px-Runawaybox.jpg
Zoo Tycoon,Zoo Tycoon,Business simulation,Microsoft,Blue Fang Games,1.0 million,10/17/2001,https://www.metacritic.com/game/zoo-tycoon,68.0,3.2,45.0,325.0,Zoo Tycoon is a zoo management game that was revealed during E3 to be coming out for Xbox One and Xbox 360.,23.2655,
Stronghold,Stronghold,Real-time strategy,Firefly Studios,Take-Two Interactive / Gathering of Developers,1.0 million,10/19/2001,https://www.metacritic.com/game/stronghold,81.0,8.8,19.0,373.0,"Set in medieval Europe, players establish settlements, build and manage castles and engage in siege warfare. The game incorporates much more building and ""community managing"" than a traditional RTS, yet allows for a more intense combat experience than city builders have featured in the past.  [GodGames]",N/A,
Empire Earth,Empire Earth,Real-time strategy,Stainless Steel Studios,Sierra Entertainment,1.0 million,11/12/2001,https://www.metacritic.com/game/empire-earth,81.0,8.4,23.0,194.0,"From the lead designer of Age of Empires® comes Empire EarthTM a real-time strategy game that lets you control the destiny of a fledgling civilization through 500,000 years of human history. Choose any point in time and establish a civilization to transcend the ages and dominate the earth. [Sierra]",N/A,
Harry Potter and the Philosopher's Stone,Harry Potter,Action-adventure,KnowWonder,Electronic Arts,1.0 million,11/15/2001,https://www.metacritic.com/game/harry-potter-and-the-philosophers-stone,N/A,N/A,N/A,N/A,N/A,N/A,
Return to Castle Wolfenstein,Wolfenstein,First-person shooter,Gray Matter Studios id Software,Activision,1.0 million,11/19/2001,https://www.metacritic.com/game/return-to-castle-wolfenstein,84.0,8.4,38.0,85.0,"Engage in an epic, story-driven campaign across over 30 levels - from forests and war-torn cities to villages and crypts. Infiltrate top-secret airfields and compounds, silently assassinate enemy officers and escort caputred Panzer tanks. You are B.J. Blazkowicz, a US Army Ranger recruited by the OSA and the Allies' top specialist in cov... ",N/A,https://upload.wikimedia.org/wikipedia/en/thumb/b/b0/Return_to_Castle_Wolfenstein_Coverart.jpg/220px-Return_to_Castle_Wolfenstein_Coverart.jpg
Dungeon Siege,Dungeon Siege,Role-playing game,Gas Powered Games,Microsoft Game Studios,1.0 million,04/05/2002,https://www.metacritic.com/game/dungeon-siege,86.0,7.8,29.0,266.0,"Dungeon Siege combines the immersive elements of a role-playing game with over-the-top intensity and non-stop action. Dungeon Siege plunges you into a continuous 3D fantasy world where you face off against an army of evil that has been unleashed. You begin as a humble farmer, and as you travel through the world and gain new skills, you c... ",N/A,https://upload.wikimedia.org/wikipedia/en/thumb/f/fb/DungeonSiegeBoxArt.jpg/220px-DungeonSiegeBoxArt.jpg
Hotel Giant,—,Business simulation,Enlight Software,JoWood Productions,1.0 million,05/17/2002,https://www.metacritic.com/game/hotel-giant,N/A,N/A,N/A,N/A,"Become the ultimate hotel-mogul. You now have the chance to prove your managerial and planning skills in the hotel industry.
",N/A,https://upload.wikimedia.org/wikipedia/en/7/7b/Maximum_Capacity_Hotel_Giant_cover.jpg
Age of Mythology,Age of Empires,Real-time strategy,Ensemble Studios,Microsoft,1.0 million,10/30/2002,https://www.metacritic.com/game/age-of-mythology,89.0,8.9,31.0,778.0,"Age of Mythology transports players to a time when heroes did battle with monsters of legend and the gods intervened in the affairs of mortal men. Players wage war using human armies and diplomacy, progress through development ages, enhance military and economic performance with improvements, and manage economics through resource gatheri... ",N/A,https://upload.wikimedia.org/wikipedia/en/thumb/9/9d/Age_of_Mythology_Liner.jpg/220px-Age_of_Mythology_Liner.jpg
Vietcong,Vietcong,Tactical shooter,Pterodon Illusion Softworks,Gathering of Developers,1.0 million,03/26/2003,https://www.metacritic.com/game/vietcong,N/A,N/A,N/A,N/A,"Vietcong-survival-shooter in the first person with elements of survival, which is set in Vietnam, in the vicinity of My tho.
",N/A,
The Legend of Sword and Fairy 3,The Legend of Sword and Fairy,Role-playing game,Softstar Entertainment,Softstar Entertainment Unistar,N/A,07/31/2003,https://www.metacritic.com/game/the-legend-of-sword-and-fairy-3,N/A,N/A,N/A,N/A,N/A,N/A,https://upload.wikimedia.org/wikipedia/en/thumb/b/b3/The_Legend_of_Sword_and_Fairy_3.jpg/220px-The_Legend_of_Sword_and_Fairy_3.jpg
Hidden & Dangerous 2,Hidden & Dangerous,Action,Illusion Softworks,Take-Two Interactive,1.0 million,10/21/2003,https://www.metacritic.com/game/hidden-&-dangerous-2,N/A,N/A,N/A,N/A,N/A,N/A,https://upload.wikimedia.org/wikipedia/en/thumb/a/ac/Hidden_%26_Dangerous_2.jpg/220px-Hidden_%26_Dangerous_2.jpg
Patrician III: Rise of the Hanse,The Patrician,Business simulation,Ascaron,Encore,1.0 million,10/24/2003,https://www.metacritic.com/game/patrician-iii-rise-of-the-hanse,75.0,8.6,8.0,45.0,"The best selling olde-worlde real-time city-building simulation is back! Build cities, manage economies and battle pirates in the only game of its kind based in the Middle Ages. Grow your small towne into a major trading center wielding tremendous economic power. [Encore Software]",3.3812,https://upload.wikimedia.org/wikipedia/en/thumb/f/fb/Patrician_2_cover.jpg/220px-Patrician_2_cover.jpg
Battlefield Vietnam,Battlefield,First-person shooter,EA DICE,Electronic Arts,1.0 million,03/14/2004,https://www.metacritic.com/game/battlefield-vietnam,84.0,7.8,48.0,140.0,"The Battlefield franchise enters a new era equipped with more firepower, modernized weaponry and vehicles, and a deeper infantry experience from the jungles to the beaches of Vietnam. From villages on the Ho Chi Minh Trail to the city streets of Hue, wage modern warfare as the United States or North Vietnamese Army (NVA). Select from a v... ",N/A,https://upload.wikimedia.org/wikipedia/en/thumb/2/29/Battlefield_Vietnam_Coverart.png/220px-Battlefield_Vietnam_Coverart.png
Sacred,Sacred,Action role-playing,Ascaron,Encore Koch Media Red Ant Enterprises,1.0 million,03/23/2004,https://www.metacritic.com/game/sacred,74.0,7.9,37.0,217.0,"Sacred's Dynamic World of Exploration. Unlike any other fantasy action RPG, Sacred offers players an enormous world comprised of 16 regions with virtually unlimited opportunities for exploration. This world contains highly detailed landscapes, complete with villages and towns and even a day/night cycle with varying weather systems. Regio... ",N/A,
Rome: Total War,Total War,Real-time strategy,The Creative Assembly,Activision,1.0 million,09/22/2004,https://www.metacritic.com/game/rome-total-war,92.0,9.0,58.0,1368.0,"Rome: Total War is the next generation in epic strategy gaming from the critically acclaimed and award winning Total War brand. The aim of the game is to conquer, rule and manipulate the Roman Empire with the ultimate goal of being declared as the ""Imperator"" of Rome. Set in a time when the mighty Roman Empire emerged to conquer the know... ",N/A,https://upload.wikimedia.org/wikipedia/en/thumb/7/73/Romebox.jpg/220px-Romebox.jpg
Psychonauts,Psychonauts,Platform,Double Fine Productions,THQ,1.0 million,04/19/2005,https://www.metacritic.com/game/psychonauts,88.0,7.9,54.0,96.0,Psychonauts is a wildly surreal action adventure game where personal paranormal powers are unlocked in order to plunge into the minds of bizarre characters. Journey deep into these crazy worlds of infinite possibility to thwart the secret plan of an evil madman and realize the ultimate dream of joining an elite force of psychic superhero... ,7.8921,https://upload.wikimedia.org/wikipedia/en/thumb/1/12/Psychonautsbox.png/220px-Psychonautsbox.png
Dungeon Lords,—,Role-playing game,Heuristic Park,DreamCatcher Interactive,1.0 million,05/05/2005,https://www.metacritic.com/game/dungeon-lords,45.0,6.5,28.0,20.0,"Dungeon Lords is a new breed of epic Fantasy RPG, a unique combination of RPG and Fighter game action in full 3D, featuring a deep storyline shrouded in mystery, surprise, and betrayal. Dungeon Lords is loaded with quests, personal missions, extensive skills and special abilities for customizing your own character hero from a variety of ... ",11.8421,
Imperivm: Great Battles of Rome,—,Real-time strategy,Haemimont Games,FX Interactive,1.0 million,05/10/2005,https://www.metacritic.com/game/imperivm-great-battles-of-rome,N/A,N/A,N/A,N/A,N/A,N/A,https://upload.wikimedia.org/wikipedia/en/thumb/c/c7/Imperivm_RTC_-_Great_Battles_of_Rome_Coverart.png/220px-Imperivm_RTC_-_Great_Battles_of_Rome_Coverart.png
Glory of the Roman Empire,—,City-building game,Haemimont Games,CDV Software,1.0 million,06/26/2006,https://www.metacritic.com/game/glory-of-the-roman-empire,66.0,7.1,34.0,7.0,"The glorious age of Rome - a time when the empire was at its peak, envied and feared by friend and foe alike. All across the provinces governors spared no expense to build cities of unparalleled splendor and magnificence and leave their mark in history. In Glory of the Roman Empire, players enter this time of wonder and use their city bu... ",N/A,https://upload.wikimedia.org/wikipedia/en/thumb/c/cf/Glory_of_the_Roman_Empire.jpg/220px-Glory_of_the_Roman_Empire.jpg
Microsoft Flight Simulator X,Microsoft Flight Simulator,Amateur flight simulation,Microsoft Game Studios,Microsoft Game Studios,1.0 million,10/17/2006,https://www.metacritic.com/game/microsoft-flight-simulator-x,80.0,7.4,28.0,117.0,"From award winning game developer ACES comes Flight Simulator X. The latest installment will include the usual genre leading realism that continues to awe real pilots and will serve as the graphical benchmark for games on Windows Vista. Additionally, Flight Simulator X will deliver for the first time structured game play with more than 5... ",N/A,https://upload.wikimedia.org/wikipedia/en/thumb/f/fb/FSX_Cover.jpg/220px-FSX_Cover.jpg
Supreme Commander,Total Annihilation,Real-time strategy,Gas Powered Games,THQ,N/A,02/16/2007,https://www.metacritic.com/game/supreme-commander,86.0,8.4,44.0,228.0,"For a millennium, three opposing forces of humanity--the Cybran Nation, the Aeon Illuminate and the United Earth Federation--have fought a bitter and bloody war over conflicting and unwavering systems of belief. There is no room for compromise. No room for mercy. No room for anything but the complete eradication of anyone with opposing b... ",N/A,
Command & Conquer 3: Tiberium Wars,Command & Conquer,Real-time strategy,EA Los Angeles,Electronic Arts,1.0 million,03/28/2007,https://www.metacritic.com/game/command-&-conquer-3-tiberium-wars,N/A,N/A,N/A,N/A,N/A,N/A,https://upload.wikimedia.org/wikipedia/en/thumb/8/88/Cc3tw-win-cover.jpg/220px-Cc3tw-win-cover.jpg
BioShock,BioShock,First-person shooter,Irrational Games,2K Games,1.0 million,08/21/2007,https://www.metacritic.com/game/bioshock,96.0,9.0,88.0,2523.0,"Going beyond ""run and gun corridors,"" ""monster-closet AIs"" and static worlds, BioShock creates a living, unique and unpredictable FPS experience. After your plane crashes into icy uncharted waters, you discover a rusted bathysphere and descend into Rapture, a city hidden beneath the sea. Constructed as an idealistic society for a hand pi... ",13.8092,https://upload.wikimedia.org/wikipedia/en/thumb/6/6d/BioShock_cover.jpg/220px-BioShock_cover.jpg
Crysis Warhead,Crysis,First-person shooter,Crytek Budapest,Electronic Arts,1.0 million,09/16/2008,https://www.metacritic.com/game/crysis-warhead,84.0,7.9,56.0,571.0,"In Crysis Warhead, players don the Nanosuit of Sergeant Sykes, also known as 'Psycho', one of the most memorable characters from Crysis.  More brash and aggressive than his Delta Force squadmate Nomad, players experience Psycho's parallel story during the events of the original game, finding that life on the other side of the island is e... ",N/A,https://upload.wikimedia.org/wikipedia/en/thumb/2/20/Crysis_Warhead_Boxart.jpg/220px-Crysis_Warhead_Boxart.jpg
Warhammer Online: Age of Reckoning,Warhammer,MMORPG,Mythic Entertainment,Electronic Arts,1.0 million,09/18/2008,https://www.metacritic.com/game/warhammer-online-age-of-reckoning,86.0,6.9,54.0,91.0,"It is a desperate time for the Emperor. A terrible Chaos Plague defiles his lands, ravaging the populace and weakening his armies. Meanwhile, the Dwarf holds in the nearby World's Edge Mountains have come under siege by a massive greenskin horde. Honor-bound by an ancient oath, the ruler of the greatest nation of men in the Old World has... ",N/A,https://upload.wikimedia.org/wikipedia/en/thumb/6/6d/Warbox.jpg/220px-Warbox.jpg
Killing Floor,—,First-person shooter,Tripwire Interactive,Tripwire Interactive,1.0 million,05/14/2009,https://www.metacritic.com/game/killing-floor,72.0,8.3,30.0,781.0,"It’s a co-op survival horror game. Up to 6 players in online co-op mode, or just you, on your own, playing the Solo mode. The aim - cleanse each area of zombies, in waves, until you get to the last one. The Big One. The Patriarch. Then exterminate him, too. Actually, they aren’t ""zombies"". They are the left-over ""specimens"" from a cheap ... ",12.4346,
Resident Evil 5,Resident Evil,"Third-person shooter, survival horror",Capcom,Capcom,1.0 million,09/17/2009,https://www.metacritic.com/game/resident-evil-5,83.0,7.4,91.0,644.0,"The biohazard threat has not ended: Just when it seemed that the menace of Resident Evil had been destroyed, along comes a new terror to send shivers down players' spines. Chris Redfield, returning Resident Evil hero, has followed the path of the evil literally around the globe. After joining a new organization, Chris heads to Africa whe... ",N/A,https://upload.wikimedia.org/wikipedia/en/thumb/5/58/Resident_Evil_5_Box_Artwork.jpg/220px-Resident_Evil_5_Box_Artwork.jpg
Machinarium,—,"Graphic adventure, puzzle",Amanita Design,Amanita Design,1.0 million,10/16/2009,https://www.metacritic.com/game/machinarium,85.0,8.5,47.0,658.0,Machinarium is independent puzzle / adventure game developed by the makers of popular web-games Samorost and Samorost2. A little robot who’s been thrown out to the scrap yard behind the city must return and confront the Black Cap Brotherhood and save his robot-girl friend.,N/A,https://upload.wikimedia.org/wikipedia/en/thumb/4/4b/Machinarium-cover_art.png/220px-Machinarium-cover_art.png
The Legend of Sword and Fairy 5,The Legend of Sword and Fairy,Role-playing game,Softstar,Softstar,1.0 million,07/07/2011,https://www.metacritic.com/game/the-legend-of-sword-and-fairy-5,N/A,N/A,N/A,N/A,N/A,N/A,https://upload.wikimedia.org/wikipedia/en/thumb/2/2d/TheLegendOfSwordAndFairy5_cover.png/220px-TheLegendOfSwordAndFairy5_cover.png
Crusader Kings II,Crusader Kings,Grand strategy,Paradox Development Studio,Paradox Interactive,1.0 million,02/14/2012,https://www.metacritic.com/game/crusader-kings-ii,82.0,8.7,31.0,1033.0,"In Crusader Kings II, you will get to control one of the great Christian dynasties of the West, attempt to conquer all of Europe, and liberate the Holy Land.",N/A,https://upload.wikimedia.org/wikipedia/en/thumb/f/ff/Crusader_Kings_II_box_art.jpg/220px-Crusader_Kings_II_box_art.jpg
Prison Architect,—,Construction and management simulation,Introversion Software,Introversion Software,1.0 million,09/25/2012,https://www.metacritic.com/game/prison-architect,83.0,8.2,37.0,310.0,Construct and manage a maximum security prison. ,N/A,https://upload.wikimedia.org/wikipedia/en/thumb/7/7b/Prison_Architect_Logo.jpg/220px-Prison_Architect_Logo.jpg
StarCraft II: Heart of the Swarm,StarCraft,Real-time strategy,Blizzard Entertainment,Blizzard Entertainment,1.0 million,03/12/2013,https://www.metacritic.com/game/starcraft-ii-heart-of-the-swarm,86.0,8.0,68.0,1663.0,"StarCraft II continues the epic saga of the Protoss, Terran, and Zerg. These three distinct and powerful races clash once again in the fast-paced real-time strategy sequel to the legendary original, StarCraft. Legions of veteran, upgraded, and brand-new unit types do battle across the galaxy, as each faction struggles for survival. Featu... ",N/A,https://upload.wikimedia.org/wikipedia/en/thumb/b/b8/SC2_Heart_of_the_Swarm_cover.jpg/220px-SC2_Heart_of_the_Swarm_cover.jpg
Europa Universalis IV,Europa Universalis,Grand strategy,Paradox Development Studio,Paradox Interactive,1.0 million,08/13/2013,https://www.metacritic.com/game/europa-universalis-iv,87.0,8.7,34.0,1510.0,"Europa Universalis IV explores the world history in an experience crafted by Paradox Development Studio, the masters of Grand Strategy. The experiences of true exploration, trade, warfare and diplomacy will be brought to life in this epic title rife with rich strategic and tactical depth.",28.3531,https://upload.wikimedia.org/wikipedia/en/thumb/c/c5/EuropaUniversalisIV_Packshot_edited.png/220px-EuropaUniversalisIV_Packshot_edited.png
The Stanley Parable,—,Interactive fiction,Galactic Cafe,Galactic Cafe,1.0 million,10/17/2013,https://www.metacritic.com/game/the-stanley-parable,88.0,8.1,47.0,2353.0,"The Stanley Parable HD Remix is an updated version of the Half-Life 2 mod The Stanley Parable. It is a first person exploration game. You will play as Stanley, and you will not play as Stanley. You will follow a story, you will not follow a story. You will have a choice, you will have no choice. The game will end, the game will never end... ",N/A,https://upload.wikimedia.org/wikipedia/en/thumb/c/ce/Stanley_parable_cover.jpg/220px-Stanley_parable_cover.jpg
Just Survive[h],—,Survival,Daybreak Game Company,Daybreak Game Company,1.0 million,01/15/2015,https://www.metacritic.com/game/just-survive,N/A,N/A,N/A,N/A,"Just Survive is an indie-action game in which all the tactics of a real soldier are applied. Parachuting will seem like a normal thing to you the more often you do it. Your mission is to clear the area of enemies and turn it into a peaceful one.

Act as quickly as possible because the chopper is waiting for you to fly to another conflict... ",N/A,
Ark: Survival Evolved,Ark: Survival Evolved,"Action-adventure, Survival",Studio Wildcard Instinct Games,Studio Wildcard,1.0 million,06/02/2015,https://www.metacritic.com/game/ark-survival-evolved,70.0,6.5,20.0,715.0,"Stranded on the shores of a mysterious island, you must learn to survive. Use your cunning to kill or tame the primeval creatures roaming the land, and encounter other players to survive, dominate... and escape.",39.4921,https://upload.wikimedia.org/wikipedia/en/thumb/2/2b/ArkSurvivalEvolved.png/220px-ArkSurvivalEvolved.png
StarCraft II: Legacy of the Void,StarCraft,Real-time strategy,Blizzard Entertainment,Blizzard Entertainment,1.0 million,11/10/2015,https://www.metacritic.com/game/starcraft-ii-legacy-of-the-void,88.0,8.3,65.0,1222.0,"StarCraft II continues the epic saga of the Protoss, Terran, and Zerg. These three distinct and powerful races clash once again in the fast-paced real-time strategy sequel to the legendary original, StarCraft. Legions of veteran, upgraded, and brand-new unit types do battle across the galaxy, as each faction struggles for survival. Featu... ",123.16100000000002,https://upload.wikimedia.org/wikipedia/en/thumb/7/77/StarCraft_II_-_Legacy_of_the_Void_cover.jpg/220px-StarCraft_II_-_Legacy_of_the_Void_cover.jpg
Danganronpa: Trigger Happy Havoc,Danganronpa,"Visual novel, adventure",Spike Chunsoft,Spike Chunsoft,1.0 million,02/18/2016,https://www.metacritic.com/game/danganronpa-trigger-happy-havoc,80.0,8.7,55.0,376.0,"Fifteen super-elite students have been locked in the school and they are forced to live in this isolated community. There is a special rule for the students: only murderers can graduate from the school, and this rule turns the prosperous school into the despairing place. The protagonist, however, does not follow this rule. He investigate... ",N/A,https://upload.wikimedia.org/wikipedia/en/thumb/2/22/Danganronpaboxart.jpg/220px-Danganronpaboxart.jpg
Danganronpa 2: Goodbye Despair,Danganronpa,"Visual novel, adventure",Spike Chunsoft,Spike Chunsoft,1.0 million,04/18/2016,https://www.metacritic.com/game/danganronpa-2-goodbye-despair,81.0,8.8,51.0,349.0,"Jabberwock Island was, at one time, a popular tourist haunt. This now populated island remains oddly pristine. You and your classmates at the elite Hope's Peak Academy have been brought to this island by your cute teacher for a “lovey-dovey, heart-throbbing school trip.” Everyone seems to be having fun in the sun...until Monokuma returns... ",N/A,https://upload.wikimedia.org/wikipedia/en/thumb/0/07/Super_Danganronpa_2_Cover_Art.jpg/220px-Super_Danganronpa_2_Cover_Art.jpg
Hearts of Iron IV,Hearts of Iron,"Real-time strategy, grand strategy wargame",Paradox Development Studio,Paradox Interactive,1.0 million,06/06/2016,https://www.metacritic.com/game/hearts-of-iron-iv,83.0,7.8,38.0,1040.0,"Hearts of Iron IV challenges players to face the brutal conflict of World War II in a multifaceted grand strategy game, where history can be fully relived or rewritten from the perspective of a global superpower attempting to change the world, or a small nation simply trying to survive.",35.463100000000004,https://upload.wikimedia.org/wikipedia/en/thumb/b/b3/Hearts_of_Iron_IV_packshot.jpg/220px-Hearts_of_Iron_IV_packshot.jpg
Hollow Knight,—,Metroidvania,Team Cherry,Team Cherry,1.0 million,02/24/2017,https://www.metacritic.com/game/hollow-knight,90.0,9.1,30.0,2336.0,"Hollow Knight is a 2D action-adventure game with an emphasis on traditional 2D animation and skillful gameplay. Journey to Hallownest, a vast and ancient underground kingdom inhabited by a bizarre collection of insects and monsters. Players will forge their own path as they explore ruined cities, forests of fungus, temples of bone and ot... ",27.642100000000003,https://upload.wikimedia.org/wikipedia/en/thumb/0/04/Hollow_Knight_first_cover_art.webp/220px-Hollow_Knight_first_cover_art.webp.png
Divinity: Original Sin II,Divinity,Role-playing,Larian Studios,Larian Studios,1.0 million,09/14/2017,https://www.metacritic.com/game/divinity-original-sin-ii,93.0,8.8,75.0,2656.0,"Master deep, tactical combat. Join up to 3 other players - but know that only one of you will have the chance to become a God. ",N/A,https://upload.wikimedia.org/wikipedia/en/thumb/4/48/Divinity_Original_Sin_2_cover_art.jpg/220px-Divinity_Original_Sin_2_cover_art.jpg
Cuphead,—,Run and gun,StudioMDHR,StudioMDHR,1.0 million,09/29/2017,https://www.metacritic.com/game/cuphead,86.0,8.5,76.0,1110.0,"Cuphead is a classic run and gun action game primarily focused on boss battles. Inspired by the cartoons of the 1930s, the visuals and audio are carefully created with the same techniques of the era, i.e. traditional cel animation (hand drawn & hand inked), watercolor backgrounds, and original jazz recordings. Play as Cuphead or Mugman (... ",15.7921,https://upload.wikimedia.org/wikipedia/en/thumb/e/eb/Cuphead_%28artwork%29.png/220px-Cuphead_%28artwork%29.png
Mordhau,—,Action,Triternion,Triternion,1.0 million,04/29/2019,https://www.metacritic.com/game/mordhau,81.0,7.5,22.0,280.0,"MORDHAU is a multiplayer medieval slasher. Create your mercenary and fight in brutal battles where you will experience fast paced combat, castle sieges, cavalry charges, and more.
",N/A,
